rank,bgg_id,name,year_published,min_players,max_players,min_playtime_minutes,max_playtime_minutes,minimum_age,average_rating,bayes_average,users_rated,average_weight,versions_count,videos_count,image_url,bgg_url
1,224517,Brass: Birmingham,2018,2,4,60,120,14,8.5596,8.39003,59920,3.86,37,15,https://cf.geekdo-images.com/x3zxjr-Vw5iU4yDPg70Jgw__original/img/FpyxH41Y6_ROoePAilPNEhXnzO8=/0x0/filters:format(jpeg)/pic3490053.jpg,https://boardgamegeek.com/boardgame/224517
2,342942,Ark Nova,2021,1,4,90,150,14,8.53801,8.35351,62733,3.7979,37,15,https://cf.geekdo-images.com/SoU8p28Sk1s8MSvoM4N8pQ__original/img/g4S18szTdrXCdIwVKzMKrZrYAcM=/0x0/filters:format(jpeg)/pic6293412.jpg,https://boardgamegeek.com/boardgame/342942
3,161936,Pandemic Legacy: Season 1,2015,2,4,60,60,13,8.50133,8.34404,57743,2.8283,37,15,https://cf.geekdo-images.com/-Qer2BBPG7qGGDu6KcVDIw__original/img/PlzAH7swN1nsFxOXbfUvE3TkE5w=/0x0/filters:format(png)/pic2452831.png,https://boardgamegeek.com/boardgame/161936
4,174430,Gloomhaven,2017,1,4,60,120,14,8.53334,8.29097,67627,3.9195,28,15,https://cf.geekdo-images.com/sZYp_3BTDGjh2unaZfZmuA__original/img/7d-lj5Gd1e8PFnD97LYFah2c45M=/0x0/filters:format(jpeg)/pic2437871.jpg,https://boardgamegeek.com/boardgame/174430
5,397598,Dune: Imperium – Uprising,2023,1,6,60,120,13,8.69894,8.25767,19950,3.5258,15,15,https://cf.geekdo-images.com/UVUkjMV_Q2paVUIUP30Vvw__original/img/BoUtCkd1NRO0bR1R5EwL51xIuXA=/0x0/filters:format(jpeg)/pic7664424.jpg,https://boardgamegeek.com/boardgame/397598
6,316554,Dune: Imperium,2020,1,4,60,120,14,8.40641,8.21854,59577,3.0784,20,15,https://cf.geekdo-images.com/PhjygpWSo-0labGrPBMyyg__original/img/mZzaBAEEJpMlHWWmC0R6Su0OibQ=/0x0/filters:format(jpeg)/pic5666597.jpg,https://boardgamegeek.com/boardgame/316554
7,233078,Twilight Imperium: Fourth Edition,2017,3,6,240,480,14,8.56024,8.21791,28931,4.3625,14,15,https://cf.geekdo-images.com/_Ppn5lssO5OaildSE-FgFA__original/img/kVpZ0Maa_LeQGWxOqsYKP3N4KUY=/0x0/filters:format(jpeg)/pic3727516.jpg,https://boardgamegeek.com/boardgame/233078
8,115746,War of the Ring: Second Edition,2011,2,4,150,240,13,8.55373,8.19988,25496,4.2304,23,15,https://cf.geekdo-images.com/ImPgGag98W6gpV1KV812aA__original/img/38jB7fN07DwlrGKYAf-J0vsNdgs=/0x0/filters:format(jpeg)/pic1215633.jpg,https://boardgamegeek.com/boardgame/115746
9,167791,Terraforming Mars,2016,1,5,120,120,12,8.3318,8.18014,114707,3.2726,38,15,https://cf.geekdo-images.com/wg9oOLcsKvDesSUdZQ4rxw__original/img/thIqWDnH9utKuoKVEUqveDixprI=/0x0/filters:format(jpeg)/pic3536616.jpg,https://boardgamegeek.com/boardgame/167791
10,187645,Star Wars: Rebellion,2016,2,4,180,240,14,8.4225,8.16842,36792,3.7529,17,15,https://cf.geekdo-images.com/7SrPNGBKg9IIsP4UQpOi8g__original/img/GKueTbkCk2Ramf6ai8mDj-BP6cI=/0x0/filters:format(jpeg)/pic4325841.jpg,https://boardgamegeek.com/boardgame/187645
11,162886,Spirit Island,2017,1,4,90,120,13,8.33989,8.1408,64377,4.0746,42,15,https://cf.geekdo-images.com/kjCm4ZvPjIZxS-mYgSPy1g__original/img/9uLd9C3XAvInLCLhAoXqKVk56zs=/0x0/filters:format(jpeg)/pic7013651.jpg,https://boardgamegeek.com/boardgame/162886
12,291457,Gloomhaven: Jaws of the Lion,2020,1,4,30,120,14,8.35201,8.09022,41809,3.643,19,15,https://cf.geekdo-images.com/_HhIdavYW-hid20Iq3hhmg__original/img/PBzsLRqNKQKJxGnzpb7o3qLWPQM=/0x0/filters:format(jpeg)/pic5055631.jpg,https://boardgamegeek.com/boardgame/291457
13,220308,Gaia Project,2017,1,4,60,150,12,8.34683,8.08383,31745,4.4037,20,15,https://cf.geekdo-images.com/hGWFm3hbMlCDsfCsauOQ4g__original/img/tjlflQtUPFiTpLpwk1NCVCS29Ic=/0x0/filters:format(png)/pic5375625.png,https://boardgamegeek.com/boardgame/220308
14,418059,SETI: Search for Extraterrestrial Intelligence,2024,1,4,40,160,14,8.4123,8.04633,21720,3.8347,16,15,https://cf.geekdo-images.com/_BUXOVRDU9g_eRwgpR5ZZw__original/img/28ob2JiASW8iX8XoVzp5Y25-h24=/0x0/filters:format(jpeg)/pic8160466.jpg,https://boardgamegeek.com/boardgame/418059
15,338960,Slay the Spire: The Board Game,2024,1,4,30,150,12,8.62111,8.04175,14120,2.9079,17,15,https://cf.geekdo-images.com/PQzVclEoOQ_wr4e1V86kxA__original/img/KXOf1hP1cIJQLabKhZulWP-e9wI=/0x0/filters:format(png)/pic8157856.png,https://boardgamegeek.com/boardgame/338960
16,12333,Twilight Struggle,2005,2,2,120,180,13,8.22647,8.03648,52387,3.6147,39,15,https://cf.geekdo-images.com/pNCiUUphnoeWOYfsWq0kng__original/img/Iae47UtAd_RXVd5tJ3YzbDHOv4E=/0x0/filters:format(jpeg)/pic3530661.jpg,https://boardgamegeek.com/boardgame/12333
17,84876,The Castles of Burgundy,2011,2,4,30,90,12,8.16296,8.0332,70413,2.9707,9,15,https://cf.geekdo-images.com/sH2YTQ10dHj1ibfS-KKtGA__original/img/L_gsMsuhbAe0kyq1QLAmyeKOeSs=/0x0/filters:format(jpeg)/pic8745814.jpg,https://boardgamegeek.com/boardgame/84876
18,182028,Through the Ages: A New Story of Civilization,2015,2,4,120,120,14,8.24094,8.00664,35120,4.4415,17,15,https://cf.geekdo-images.com/fVwPntkJKgaEo0rIC0RwpA__original/img/1jawNpljTXwnT4km_2CjGwoUPR8=/0x0/filters:format(jpeg)/pic2663291.jpg,https://boardgamegeek.com/boardgame/182028
19,421006,The Lord of the Rings: Duel for Middle-earth,2024,2,2,30,30,10,8.35077,7.99773,21742,2.0699,18,15,https://cf.geekdo-images.com/EybxJlUc9rz7F7HVFLqsdw__original/img/Ts4M5eOW38r2oTvJmkx0uwNodv4=/0x0/filters:format(jpeg)/pic8378939.jpg,https://boardgamegeek.com/boardgame/421006
20,295770,Frosthaven,2022,1,4,90,180,14,8.7208,7.97012,10501,4.4094,13,15,https://cf.geekdo-images.com/cwUgf-f-qwri8UHBUnifuQ__original/img/Tk7wFDJuaU8RPjNkmyC3AWYOPpU=/0x0/filters:format(png)/pic5092291.png,https://boardgamegeek.com/boardgame/295770
21,193738,Great Western Trail,2016,2,4,75,150,12,8.14329,7.96815,44093,3.6962,24,15,https://cf.geekdo-images.com/u1l0gH7sb_vnvDvoO_QHqA__original/img/2zv_XMQoPFWk9Dn0oS4JY1IeFzw=/0x0/filters:format(jpeg)/pic4887376.jpg,https://boardgamegeek.com/boardgame/193738
22,28720,Brass: Lancashire,2007,2,4,60,120,14,8.1986,7.95943,27649,3.8429,29,15,https://cf.geekdo-images.com/tHVtPzu82mBpeQbbZkV6EA__original/img/3ffdJj5Pz6HQrg09Kh8ecTen-TY=/0x0/filters:format(jpeg)/pic3469216.jpg,https://boardgamegeek.com/boardgame/28720
23,246900,Eclipse: Second Dawn for the Galaxy,2020,2,6,60,200,14,8.38233,7.95809,17791,3.6688,13,15,https://cf.geekdo-images.com/Oh3kHw6lweg6ru71Q16h2Q__original/img/yW7d4RNfU1ndISCaPlfGYUyxnRU=/0x0/filters:format(jpeg)/pic5235277.jpg,https://boardgamegeek.com/boardgame/246900
24,173346,7 Wonders Duel,2015,2,2,30,30,10,8.07431,7.9495,110304,2.2276,71,15,https://cf.geekdo-images.com/zdagMskTF7wJBPjX74XsRw__original/img/Ju836WNSaW7Mab9Vjq2TJ_FqhWQ=/0x0/filters:format(jpeg)/pic2576399.jpg,https://boardgamegeek.com/boardgame/173346
25,167355,Nemesis,2018,1,5,90,180,12,8.24376,7.94718,38131,3.4905,27,15,https://cf.geekdo-images.com/4KSmlm59w0GwLIlgDnJDAQ__original/img/f0VmAKrPrMRQOUcOJHekRvuysDE=/0x0/filters:format(png)/pic8211747.png,https://boardgamegeek.com/boardgame/167355
26,169786,Scythe,2016,1,5,115,115,14,8.09528,7.93966,94397,3.4522,28,15,https://cf.geekdo-images.com/7k_nOxpO9OGIjhLq2BUZdA__original/img/HlDb9F365w0tSP8uD1vf1pfniQE=/0x0/filters:format(jpeg)/pic3163924.jpg,https://boardgamegeek.com/boardgame/169786
27,177736,A Feast for Odin,2016,1,4,30,120,12,8.15996,7.93934,34025,3.8677,23,15,https://cf.geekdo-images.com/s9oGMCo1fcfV4Dk3EnqLZw__original/img/N1X-0JB1GapFVhl98nP4tNFXMcM=/0x0/filters:format(png)/pic3146943.png,https://boardgamegeek.com/boardgame/177736
28,266507,Clank! Legacy: Acquisitions Incorporated,2019,2,4,90,120,13,8.48605,7.92987,11525,2.7412,7,15,https://cf.geekdo-images.com/hc2NDafu5c24iLJh_IZmyg__original/img/1Fpyz7j7rTvMPRiDdPjn0Vf0m2k=/0x0/filters:format(png)/pic4885780.png,https://boardgamegeek.com/boardgame/266507
29,124361,Concordia,2013,2,5,100,100,13,8.07478,7.92318,46231,2.9855,29,15,https://cf.geekdo-images.com/CzwSm8i7tkLz6cBnrILZBg__original/img/BhJ3sB3uk-eSdR1iW4EP3cu0Wi0=/0x0/filters:format(jpeg)/pic3453267.jpg,https://boardgamegeek.com/boardgame/124361
30,312484,Lost Ruins of Arnak,2020,1,4,30,120,12,8.08386,7.91747,58479,2.9338,26,15,https://cf.geekdo-images.com/6GqH14TJJhza86BX5HCLEQ__original/img/CXqwimJPonWy1oyXEMgPN_ZVmUI=/0x0/filters:format(jpeg)/pic5674958.jpg,https://boardgamegeek.com/boardgame/312484
31,341169,Great Western Trail: Second Edition,2021,1,4,75,150,12,8.26018,7.90526,18531,3.6997,16,15,https://cf.geekdo-images.com/gDn7AhrDlmfCLSz9ZqoNFQ__original/img/yecB1xO32nnjBAyskVOTq9LBuLo=/0x0/filters:format(jpeg)/pic5988511.jpg,https://boardgamegeek.com/boardgame/341169
32,373106,Sky Team,2023,2,2,20,20,10,8.1117,7.8904,34151,2.0413,37,15,https://cf.geekdo-images.com/uXMeQzNenHb3zK7Hoa6b2w__original/img/mWOQnkpyYBorh_Y1-0Y2o-ew17k=/0x0/filters:format(jpeg)/pic7398904.jpg,https://boardgamegeek.com/boardgame/373106
33,205637,Arkham Horror: The Card Game,2016,1,2,60,120,14,8.11754,7.8888,48144,3.5674,12,15,https://cf.geekdo-images.com/B5F5ulz0UivNgrI9Ky0euA__original/img/guEKCewM_2e5ugltSN3dTSwdZJI=/0x0/filters:format(jpeg)/pic3122349.jpg,https://boardgamegeek.com/boardgame/205637
34,237182,Root,2018,2,4,60,90,14,8.06971,7.88053,65817,3.8421,37,15,https://cf.geekdo-images.com/JUAUWaVUzeBgzirhZNmHHw__original/img/E0s2LvtFA1L5YKk-_44D4u2VD2s=/0x0/filters:format(jpeg)/pic4254509.jpg,https://boardgamegeek.com/boardgame/237182
35,164928,Orléans,2014,2,5,90,90,12,8.04652,7.85887,36053,3.0115,27,15,https://cf.geekdo-images.com/nagl1li6kYt9elV9jbfVQw__original/img/Qn6vlBaTUaHNFsqohIUjd0EA4z0=/0x0/filters:format(jpeg)/pic6228507.jpg,https://boardgamegeek.com/boardgame/164928
36,120677,Terra Mystica,2012,2,5,60,150,12,8.03151,7.85637,51333,3.9719,19,15,https://cf.geekdo-images.com/bre12I1YiXkZr7elvriz4A__original/img/_dZS7fVfdc4DhJPbqnDpwTT4uF0=/0x0/filters:format(jpeg)/pic5375624.jpg,https://boardgamegeek.com/boardgame/120677
37,192135,Too Many Bones,2017,1,4,60,120,12,8.27946,7.84881,17433,3.871,15,15,https://cf.geekdo-images.com/wKwRk0wYBcrtLAfgn4PCdg__original/img/Wpp0vzsVe4HxXGUqiZ1hDvwAHZU=/0x0/filters:format(png)/pic6624445.png,https://boardgamegeek.com/boardgame/192135
38,266192,Wingspan,2019,1,5,40,70,10,7.99474,7.84126,115051,2.4811,46,15,https://cf.geekdo-images.com/yLZJCVLlIx4c7eJEWUNJ7w__original/img/cI782Zis9cT66j2MjSHKJGnFPNw=/0x0/filters:format(jpeg)/pic4458123.jpg,https://boardgamegeek.com/boardgame/266192
39,96848,Mage Knight Board Game,2011,1,4,60,240,14,8.08141,7.83651,35354,4.3785,19,15,https://cf.geekdo-images.com/DUO2hz9AlLOH8p9ED-lCWg__original/img/PDDH38Vf9NEB_4ODURxcJKNBfVQ=/0x0/filters:format(jpeg)/pic1083380.jpg,https://boardgamegeek.com/boardgame/96848
40,251247,Barrage,2019,1,4,90,180,14,8.13187,7.83549,22165,4.1148,18,15,https://cf.geekdo-images.com/jEPmWvvYpqkWrKOzqIHFsg__original/img/rkHKwkUqpQC7PAGG7n2gbrcQiUY=/0x0/filters:format(png)/pic4336469.png,https://boardgamegeek.com/boardgame/251247
41,321608,Hegemony: Lead Your Class to Victory,2023,2,4,90,180,14,8.35817,7.82857,12758,4.2566,5,15,https://cf.geekdo-images.com/DCLgJlrvB-EqL6A3WgQLMQ__original/img/vGpYcxjDBCOVcI0BcWOevspTQMQ=/0x0/filters:format(jpeg)/pic5715770.jpg,https://boardgamegeek.com/boardgame/321608
42,284378,Kanban EV,2020,1,4,60,180,14,8.37453,7.81163,10571,4.2919,14,15,https://cf.geekdo-images.com/L2Wn-zUqkcHgqvwvY212Ig__original/img/Htra4hvxjBlejtNEIUns_B3CNNc=/0x0/filters:format(jpeg)/pic4924232.jpg,https://boardgamegeek.com/boardgame/284378
43,183394,Viticulture Essential Edition,2015,1,6,45,90,13,7.95445,7.803,55843,2.9029,20,15,https://cf.geekdo-images.com/l_PRU2lVlX9seScRFcvFlA__original/img/gDL7OZFlzoOFgU0VYlREs8P5hCQ=/0x0/filters:format(jpeg)/pic6500949.jpg,https://boardgamegeek.com/boardgame/183394
44,324856,The Crew: Mission Deep Sea,2021,2,5,20,20,10,8.03999,7.80223,26419,2.0522,18,15,https://cf.geekdo-images.com/VuBqZ1sMaDAVVHF_OEJP4g__original/img/jGWxczXC_VWZofeAmlO_DkB0hCI=/0x0/filters:format(jpeg)/pic5988903.jpg,https://boardgamegeek.com/boardgame/324856
45,521,Crokinole,1876,2,4,30,30,8,8.06746,7.80176,21445,1.2302,47,15,https://cf.geekdo-images.com/DOwZ7_Q1w68iBhARcDAxig__original/img/0E7UQ_sXErRusbZVixlIiN8MIJQ=/0x0/filters:format(jpeg)/pic8549797.jpg,https://boardgamegeek.com/boardgame/521
46,199792,Everdell,2018,1,4,40,80,10,7.97437,7.7999,69807,2.8341,36,15,https://cf.geekdo-images.com/fjE7V5LNq31yVEW_yuqI-Q__original/img/HQ1ti16wT9lqja5_h3gUfHUIcVI=/0x0/filters:format(png)/pic3918905.png,https://boardgamegeek.com/boardgame/199792
47,366013,Heat: Pedal to the Metal,2022,1,6,30,60,10,7.99208,7.79433,42847,2.2019,22,15,https://cf.geekdo-images.com/-vOrd4bOspibyohYExLqWg__original/img/iXU8a9WaVlwrkiEiOxWN06y9y5g=/0x0/filters:format(png)/pic6940449.png,https://boardgamegeek.com/boardgame/366013
48,365717,Clank!: Catacombs,2022,2,4,45,90,13,8.22755,7.78825,15043,2.4955,15,15,https://cf.geekdo-images.com/cCLn9Mvb7jRSaZzHeUXhoQ__original/img/NK4hsA9nc-kdI07hR0Nc23dL_bk=/0x0/filters:format(jpeg)/pic6937913.jpg,https://boardgamegeek.com/boardgame/365717
49,285774,Marvel Champions: The Card Game,2019,1,4,45,90,14,8.10382,7.78675,28212,2.964,10,15,https://cf.geekdo-images.com/kRvUgYiaOq07kC67ZK5UoQ__original/img/cqng0e4S7Cj6j6Sb49-OCggGi-8=/0x0/filters:format(jpeg)/pic4900321.jpg,https://boardgamegeek.com/boardgame/285774
50,390092,Ticket to Ride Legacy: Legends of the West,2023,2,5,20,90,10,8.61163,7.78509,7112,2.5608,18,15,https://cf.geekdo-images.com/2H0pJddVJA3r6btqRNLG1g__original/img/q8N6sz7FIZkbXe_0d4RiIfM8aNU=/0x0/filters:format(png)/pic7541330.png,https://boardgamegeek.com/boardgame/390092
